tag,action_scale,cpg_speed,cpg_amp,cpg_mix,action_smooth,distance,quick_gif
a12_s100_amp10_m0_sm60,1.2,1.0,1.0,0.0,0.6,0.37,ant_full_quick_a12_s100_amp10_m0_sm60.gif
a12_s100_amp10_m0_sm75,1.2,1.0,1.0,0.0,0.75,2.273,ant_full_quick_a12_s100_amp10_m0_sm75.gif
a12_s100_amp10_m0_sm85,1.2,1.0,1.0,0.0,0.85,2.547,ant_full_quick_a12_s100_amp10_m0_sm85.gif
a12_s100_amp10_m5_sm60,1.2,1.0,1.0,0.05,0.6,4.606,ant_full_quick_a12_s100_amp10_m5_sm60.gif
a12_s100_amp10_m5_sm75,1.2,1.0,1.0,0.05,0.75,3.182,ant_full_quick_a12_s100_amp10_m5_sm75.gif
a12_s100_amp10_m5_sm85,1.2,1.0,1.0,0.05,0.85,1.312,ant_full_quick_a12_s100_amp10_m5_sm85.gif
a12_s100_amp10_m10_sm60,1.2,1.0,1.0,0.1,0.6,3.883,ant_full_quick_a12_s100_amp10_m10_sm60.gif
a12_s100_amp10_m10_sm75,1.2,1.0,1.0,0.1,0.75,3.459,ant_full_quick_a12_s100_amp10_m10_sm75.gif
a12_s100_amp10_m10_sm85,1.2,1.0,1.0,0.1,0.85,2.555,ant_full_quick_a12_s100_amp10_m10_sm85.gif
a12_s125_amp10_m0_sm60,1.2,1.25,1.0,0.0,0.6,-0.082,ant_full_quick_a12_s125_amp10_m0_sm60.gif
a12_s125_amp10_m0_sm75,1.2,1.25,1.0,0.0,0.75,0.018,ant_full_quick_a12_s125_amp10_m0_sm75.gif
a12_s125_amp10_m0_sm85,1.2,1.25,1.0,0.0,0.85,-0.085,ant_full_quick_a12_s125_amp10_m0_sm85.gif
a12_s125_amp10_m5_sm60,1.2,1.25,1.0,0.05,0.6,0.116,ant_full_quick_a12_s125_amp10_m5_sm60.gif
a12_s125_amp10_m5_sm75,1.2,1.25,1.0,0.05,0.75,-0.036,ant_full_quick_a12_s125_amp10_m5_sm75.gif
a12_s125_amp10_m5_sm85,1.2,1.25,1.0,0.05,0.85,0.16,ant_full_quick_a12_s125_amp10_m5_sm85.gif
a12_s125_amp10_m10_sm60,1.2,1.25,1.0,0.1,0.6,-0.337,ant_full_quick_a12_s125_amp10_m10_sm60.gif
a12_s125_amp10_m10_sm75,1.2,1.25,1.0,0.1,0.75,0.149,ant_full_quick_a12_s125_amp10_m10_sm75.gif
a12_s125_amp10_m10_sm85,1.2,1.25,1.0,0.1,0.85,0.233,ant_full_quick_a12_s125_amp10_m10_sm85.gif
a14_s100_amp10_m0_sm60,1.4,1.0,1.0,0.0,0.6,1.067,ant_full_quick_a14_s100_amp10_m0_sm60.gif
a14_s100_amp10_m0_sm75,1.4,1.0,1.0,0.0,0.75,1.823,ant_full_quick_a14_s100_amp10_m0_sm75.gif
a14_s100_amp10_m0_sm85,1.4,1.0,1.0,0.0,0.85,0.665,ant_full_quick_a14_s100_amp10_m0_sm85.gif
a14_s100_amp10_m5_sm60,1.4,1.0,1.0,0.05,0.6,1.757,ant_full_quick_a14_s100_amp10_m5_sm60.gif
a14_s100_amp10_m5_sm75,1.4,1.0,1.0,0.05,0.75,2.231,ant_full_quick_a14_s100_amp10_m5_sm75.gif
a14_s100_amp10_m5_sm85,1.4,1.0,1.0,0.05,0.85,1.954,ant_full_quick_a14_s100_amp10_m5_sm85.gif
a14_s100_amp10_m10_sm60,1.4,1.0,1.0,0.1,0.6,1.855,ant_full_quick_a14_s100_amp10_m10_sm60.gif
a14_s100_amp10_m10_sm75,1.4,1.0,1.0,0.1,0.75,2.408,ant_full_quick_a14_s100_amp10_m10_sm75.gif
a14_s100_amp10_m10_sm85,1.4,1.0,1.0,0.1,0.85,0.599,ant_full_quick_a14_s100_amp10_m10_sm85.gif
a14_s125_amp10_m0_sm60,1.4,1.25,1.0,0.0,0.6,0.283,ant_full_quick_a14_s125_amp10_m0_sm60.gif
a14_s125_amp10_m0_sm75,1.4,1.25,1.0,0.0,0.75,0.229,ant_full_quick_a14_s125_amp10_m0_sm75.gif
a14_s125_amp10_m0_sm85,1.4,1.25,1.0,0.0,0.85,0.029,ant_full_quick_a14_s125_amp10_m0_sm85.gif
a14_s125_amp10_m5_sm60,1.4,1.25,1.0,0.05,0.6,-0.149,ant_full_quick_a14_s125_amp10_m5_sm60.gif
a14_s125_amp10_m5_sm75,1.4,1.25,1.0,0.05,0.75,0.013,ant_full_quick_a14_s125_amp10_m5_sm75.gif
a14_s125_amp10_m5_sm85,1.4,1.25,1.0,0.05,0.85,0.096,ant_full_quick_a14_s125_amp10_m5_sm85.gif
a14_s125_amp10_m10_sm60,1.4,1.25,1.0,0.1,0.6,0.244,ant_full_quick_a14_s125_amp10_m10_sm60.gif
a14_s125_amp10_m10_sm75,1.4,1.25,1.0,0.1,0.75,0.022,ant_full_quick_a14_s125_amp10_m10_sm75.gif
a14_s125_amp10_m10_sm85,1.4,1.25,1.0,0.1,0.85,0.32,ant_full_quick_a14_s125_amp10_m10_sm85.gif
a16_s100_amp10_m0_sm60,1.6,1.0,1.0,0.0,0.6,2.421,ant_full_quick_a16_s100_amp10_m0_sm60.gif
a16_s100_amp10_m0_sm75,1.6,1.0,1.0,0.0,0.75,2.026,ant_full_quick_a16_s100_amp10_m0_sm75.gif
a16_s100_amp10_m0_sm85,1.6,1.0,1.0,0.0,0.85,1.235,ant_full_quick_a16_s100_amp10_m0_sm85.gif
a16_s100_amp10_m5_sm60,1.6,1.0,1.0,0.05,0.6,2.971,ant_full_quick_a16_s100_amp10_m5_sm60.gif
a16_s100_amp10_m5_sm75,1.6,1.0,1.0,0.05,0.75,2.41,ant_full_quick_a16_s100_amp10_m5_sm75.gif
a16_s100_amp10_m5_sm85,1.6,1.0,1.0,0.05,0.85,2.223,ant_full_quick_a16_s100_amp10_m5_sm85.gif
a16_s100_amp10_m10_sm60,1.6,1.0,1.0,0.1,0.6,1.383,ant_full_quick_a16_s100_amp10_m10_sm60.gif
a16_s100_amp10_m10_sm75,1.6,1.0,1.0,0.1,0.75,1.721,ant_full_quick_a16_s100_amp10_m10_sm75.gif
a16_s100_amp10_m10_sm85,1.6,1.0,1.0,0.1,0.85,1.796,ant_full_quick_a16_s100_amp10_m10_sm85.gif
a16_s125_amp10_m0_sm60,1.6,1.25,1.0,0.0,0.6,0.024,ant_full_quick_a16_s125_amp10_m0_sm60.gif
a16_s125_amp10_m0_sm75,1.6,1.25,1.0,0.0,0.75,-0.027,ant_full_quick_a16_s125_amp10_m0_sm75.gif
a16_s125_amp10_m0_sm85,1.6,1.25,1.0,0.0,0.85,0.079,ant_full_quick_a16_s125_amp10_m0_sm85.gif
a16_s125_amp10_m5_sm60,1.6,1.25,1.0,0.05,0.6,0.272,ant_full_quick_a16_s125_amp10_m5_sm60.gif
a16_s125_amp10_m5_sm75,1.6,1.25,1.0,0.05,0.75,0.105,ant_full_quick_a16_s125_amp10_m5_sm75.gif
a16_s125_amp10_m5_sm85,1.6,1.25,1.0,0.05,0.85,0.02,ant_full_quick_a16_s125_amp10_m5_sm85.gif
a16_s125_amp10_m10_sm60,1.6,1.25,1.0,0.1,0.6,0.228,ant_full_quick_a16_s125_amp10_m10_sm60.gif
a16_s125_amp10_m10_sm75,1.6,1.25,1.0,0.1,0.75,0.115,ant_full_quick_a16_s125_amp10_m10_sm75.gif
a16_s125_amp10_m10_sm85,1.6,1.25,1.0,0.1,0.85,-0.131,ant_full_quick_a16_s125_amp10_m10_sm85.gif
